scene,frame,mode,metric_profile,pq,sq,rq,miou,macc,mcov,mwcov,mprec,mrec,tp,fp,fn,num_pred_segments,num_gt_segments,num_pred_instances,num_gt_instances
1ada7a0617,1ada7a0617/DSC03462,per-view,prpp_compatible,0.4508251599437821,0.7513752665729702,0.6,0.3840193785304565,0.45094189627132025,0.5355030564535741,0.575540939777536,0.8571428571428571,0.8571428571428571,6,5,3,11,9,7,7
1ada7a0617,1ada7a0617/DSC03464,per-view,prpp_compatible,0.36495919516404796,0.7299183903280959,0.5,0.36399823189309055,0.440006845001266,0.30955321889896753,0.4669750135539437,0.5,0.5,5,6,4,11,9,6,6
1ada7a0617,1ada7a0617/DSC03466,per-view,prpp_compatible,0.3918337645372324,0.6661173997132951,0.5882352941176471,0.2496760462224542,0.2841335006677812,0.375360391344696,0.5216087564192387,0.5714285714285714,0.6,5,5,2,10,7,7,5
1ada7a0617,1ada7a0617/DSC03467,per-view,prpp_compatible,0.3951556216668622,0.6717645568336656,0.5882352941176471,0.2858846905450912,0.28708937009084695,0.37471570494577294,0.5798579835517815,0.5714285714285714,0.6,5,5,2,10,7,7,5
1ada7a0617,1ada7a0617/DSC03469,per-view,prpp_compatible,0.33861467744787166,0.6433678871509562,0.5263157894736842,0.3267331003243031,0.36394857120662644,0.5358784684177347,0.5951663469911646,0.5,0.8,5,7,2,12,7,8,5
1ada7a0617,1ada7a0617/DSC03471,per-view,prpp_compatible,0.559585550480324,0.8082902395826902,0.6923076923076923,0.5637952237374676,0.6183173266494965,0.6673366702700712,0.6740426819715509,0.7,0.8888888888888888,9,5,3,14,12,10,9
1ada7a0617,1ada7a0617/DSC03473,per-view,prpp_compatible,0.5544140558460003,0.7812198059648187,0.7096774193548387,0.6887614732445769,0.7578812999011867,0.6335266590358991,0.6463264757997076,0.6428571428571429,0.9,11,7,2,18,13,14,10
1ada7a0617,1ada7a0617/DSC03475,per-view,prpp_compatible,0.5197944013019298,0.8576607621481841,0.6060606060606061,0.6894918192324525,0.773440432247158,0.46835596929121937,0.8367645862800169,1.0,0.6,10,6,7,16,17,11,15
1ada7a0617,1ada7a0617/DSC03476,per-view,prpp_compatible,0.5444086071667297,0.8166129107500946,0.6666666666666666,0.6999189096377045,0.7969979391830683,0.4077540679293957,0.8473237334328256,0.9,0.47368421052631576,12,2,10,14,22,10,19
1ada7a0617,1ada7a0617/DSC03478,per-view,prpp_compatible,0.5864218890314791,0.8796328335472186,0.6666666666666666,0.7199451944983358,0.768248561065695,0.5512789180786182,0.8826900460854701,0.7058823529411765,0.631578947368421,15,7,8,22,23,17,19
1ada7a0617,1ada7a0617/DSC03480,per-view,prpp_compatible,0.6618941358194419,0.8163361008439783,0.8108108108108109,0.8043940033897196,0.8394926365064442,0.6370114681339109,0.7840215552048814,0.8571428571428571,0.7857142857142857,15,4,3,19,18,14,14
1ada7a0617,1ada7a0617/DSC03482,per-view,prpp_compatible,0.4723551756607224,0.7448677770034469,0.6341463414634146,0.5235175417161779,0.5538816481135558,0.6265730293529415,0.8296157939127687,0.5263157894736842,0.8461538461538461,13,11,4,24,17,19,13
1ada7a0617,1ada7a0617/DSC03484,per-view,prpp_compatible,0.5862465753141635,0.8402867579503009,0.6976744186046512,0.5740500942623324,0.5946743984026704,0.6806190315265733,0.5179676758462144,0.55,0.7857142857142857,15,10,3,25,18,20,14
1ada7a0617,1ada7a0617/DSC03485,per-view,prpp_compatible,0.5874878009869106,0.860249994302262,0.6829268292682927,0.5541627638387358,0.5896466897830512,0.6878530977446736,0.543502541247477,0.6666666666666666,0.8571428571428571,14,9,4,23,18,18,14
1ada7a0617,1ada7a0617/DSC03487,per-view,prpp_compatible,0.46394178514074796,0.8435305184377235,0.55,0.4202665629336393,0.43942892754230356,0.4731053722377775,0.573842398785502,0.5294117647058824,0.625,11,10,8,21,19,17,16
1ada7a0617,1ada7a0617/DSC03489,per-view,prpp_compatible,0.4541285123422596,0.8136469179465484,0.5581395348837209,0.5120480107728326,0.5819717143734683,0.5049697419365872,0.8611278530470667,0.5555555555555556,0.5882352941176471,12,11,8,23,20,18,17
1ada7a0617,1ada7a0617/DSC03491,per-view,prpp_compatible,0.43897288313723243,0.7901511896470184,0.5555555555555556,0.5004040199603198,0.6741812037831242,0.4454677696252646,0.5328648270154149,0.6,0.5714285714285714,10,9,7,19,17,15,14
1ada7a0617,1ada7a0617/DSC03493,per-view,prpp_compatible,0.5777770701841102,0.8666656052761652,0.6666666666666666,0.5261694818718657,0.6154854704296159,0.6626292687822651,0.8840249450399389,0.7,0.75,8,6,2,14,10,10,8
1ada7a0617,1ada7a0617/DSC03494,per-view,prpp_compatible,0.5760364516607508,0.8640546774911262,0.6666666666666666,0.5250578766726406,0.6071631603528725,0.6615690200356296,0.9105132737834872,0.7,0.75,8,6,2,14,10,10,8
1ada7a0617,1ada7a0617/DSC03496,per-view,prpp_compatible,0.4584543214169617,0.7204282193695112,0.6363636363636364,0.3481026193487003,0.4446605702809004,0.5388854414864274,0.6222536194440398,0.4444444444444444,0.6666666666666666,7,6,2,13,9,9,6
1ada7a0617,1ada7a0617/DSC03498,per-view,prpp_compatible,0.12423474247197597,0.6211737123598798,0.2,0.07226678488547422,0.1580045184557568,0.08200923542193693,0.22569706045240964,0.5,0.3333333333333333,1,3,5,4,6,2,3
1ada7a0617,1ada7a0617/DSC03500,per-view,prpp_compatible,0.5476051912264829,0.7909852762160309,0.6923076923076923,0.5393451006522734,0.5681782193575419,0.5683805866044194,0.9152770737150712,0.6,0.8571428571428571,9,6,2,15,11,10,7
1ada7a0617,1ada7a0617/DSC03502,per-view,prpp_compatible,0.407155131251473,0.7379686753932948,0.5517241379310345,0.45859243567828883,0.4960225627558906,0.34733841952645733,0.8825908457721416,0.5,0.45454545454545453,8,6,7,14,15,10,11
1ada7a0617,1ada7a0617/DSC03503,per-view,prpp_compatible,0.5395477016133448,0.7553667822586827,0.7142857142857143,0.5761601266726967,0.6056185884852101,0.6278400297480057,0.8864612667419429,0.5789473684210527,0.8571428571428571,15,9,3,24,18,19,14
1ada7a0617,1ada7a0617/DSC03505,per-view,prpp_compatible,0.48892446888764957,0.7857714678551512,0.6222222222222222,0.5748911215601608,0.6434287737137937,0.5074241057521537,0.6452668427547877,0.5,0.625,14,11,6,25,20,20,16
1ada7a0617,1ada7a0617/DSC03507,per-view,prpp_compatible,0.49852205449342907,0.7976352871894865,0.625,0.5995271716481151,0.6695137524507012,0.48694877770041956,0.40736186761936016,0.5714285714285714,0.7222222222222222,15,11,7,26,22,21,18
1ada7a0617,1ada7a0617/DSC03509,per-view,prpp_compatible,0.5310597161514851,0.7965895742272275,0.6666666666666666,0.6654266443247357,0.6996401418782702,0.486016986604667,0.6888648151181066,0.8333333333333334,0.6666666666666666,12,5,7,17,19,12,15
1ada7a0617,1ada7a0617/DSC03511,per-view,prpp_compatible,0.3999374750977676,0.6748944892274829,0.5925925925925926,0.38199548878373807,0.47829791345680084,0.387972398929448,0.5055030684692934,0.6363636363636364,0.7,8,7,4,15,12,11,10
1ada7a0617,1ada7a0617/DSC03513,per-view,prpp_compatible,0.4066224742493575,0.6607615206552059,0.6153846153846154,0.38893965984405554,0.47489919482738796,0.4634297428226728,0.5610246364385326,0.5454545454545454,0.75,8,7,3,15,11,11,8
1ada7a0617,1ada7a0617/DSC03514,per-view,prpp_compatible,0.5027870744580321,0.7262479964393795,0.6923076923076923,0.5182917623048166,0.602225993241594,0.5366433248217917,0.6057398168887231,0.6363636363636364,0.75,9,6,2,15,11,11,8
1ada7a0617,1ada7a0617/DSC03516,per-view,prpp_compatible,0.5079566045762796,0.7850238434360683,0.6470588235294118,0.531706651979477,0.6023143497350829,0.32580369846514456,0.2454162599332046,0.7777777777777778,0.4375,11,3,9,14,20,9,16
1ada7a0617,1ada7a0617/DSC03518,per-view,prpp_compatible,0.4221159690958859,0.791467442054786,0.5333333333333333,0.5017396317691131,0.5879002984868357,0.41096888056641717,0.5376702035434049,0.45,0.5,12,13,8,25,20,20,16
1ada7a0617,1ada7a0617/DSC03520,per-view,prpp_compatible,0.5403692059884854,0.8465784227152937,0.6382978723404256,0.7174045611095604,0.7464833848244518,0.5428021946258568,0.891256657526382,0.5238095238095238,0.7058823529411765,15,11,6,26,21,21,17
1ada7a0617,1ada7a0617/DSC03522,per-view,prpp_compatible,0.5415810796048327,0.7401608087932714,0.7317073170731707,0.5817463419660129,0.6927162975286567,0.4984317859832634,0.3104106821561645,0.7333333333333333,0.7647058823529411,15,5,6,20,21,15,17
1ada7a0617,1ada7a0617/DSC03523,per-view,prpp_compatible,0.5729065466634349,0.7698431720789907,0.7441860465116279,0.6663656598645823,0.7365176045709845,0.5442913504299771,0.37842676147841253,0.7058823529411765,0.7647058823529411,16,6,5,22,21,17,17
1ada7a0617,1ada7a0617/DSC03525,per-view,prpp_compatible,0.502551311028907,0.8076717498678863,0.6222222222222222,0.6078786345507486,0.6358724305554171,0.5826838042995228,0.8977956977574776,0.5238095238095238,0.8,14,12,5,26,19,21,15
1ada7a0617,1ada7a0617/DSC03527,per-view,prpp_compatible,0.5111041650310697,0.8092482612991937,0.631578947368421,0.36105112142127105,0.440410199435653,0.4559749011279181,0.9199863794558643,0.5,0.6666666666666666,6,4,3,10,9,6,6
1ada7a0617,1ada7a0617/DSC03529,per-view,prpp_compatible,0.45519027224858166,0.9103805444971633,0.5,0.22794634673719627,0.31159803414281684,0.49383169858533776,0.9783875925332063,0.25,0.5,3,4,2,7,5,4,2
1ada7a0617,1ada7a0617/DSC03531,per-view,prpp_compatible,0.3877412244605626,0.9047295237413127,0.42857142857142855,0.2266529584511678,0.3022931881803761,0.4915527344769758,0.9706334402747087,0.16666666666666666,0.5,3,6,2,9,5,6,2
1ada7a0617,1ada7a0617/DSC03532,per-view,prpp_compatible,0.4589075579311048,0.9178151158622097,0.5,0.22987623676927407,0.31358412369409977,0.4902977053231255,0.9691483382209655,0.3333333333333333,0.5,3,4,2,7,5,3,2
1ada7a0617,1ada7a0617/DSC03534,per-view,prpp_compatible,0.3342022246324485,0.9190561177392332,0.36363636363636365,0.15317654732323552,0.15653172101794663,0.9769366121341255,0.9769366121341256,0.25,1.0,2,5,2,7,4,4,1
1ada7a0617,1ada7a0617/DSC03536,per-view,prpp_compatible,0.625246176143547,0.9378692642153205,0.6666666666666666,0.23446731605383012,0.23518908980261424,0.9480103454161142,0.9480103454161143,0.5,1.0,3,2,1,5,4,2,1
1ada7a0617,1ada7a0617/DSC03538,per-view,prpp_compatible,0.6796809607106817,0.8253268808629707,0.8235294117647058,0.36058098629993224,0.449578309618549,0.6429766665288599,0.9675302332431871,0.8,0.8,7,2,1,9,8,5,5
1ada7a0617,1ada7a0617/DSC03540,per-view,prpp_compatible,0.4664416493169408,0.8162728863046465,0.5714285714285714,0.4670499176736072,0.48765422085142246,0.5586299214350018,0.9249213240917589,0.5,0.7272727272727273,10,10,5,20,15,16,11
1ada7a0617,1ada7a0617/DSC03541,per-view,prpp_compatible,0.42013419527114576,0.798254971015177,0.5263157894736842,0.5525366093195172,0.6291525679891604,0.37252208521606084,0.8109957478865267,0.5333333333333333,0.5714285714285714,10,10,8,20,18,15,14
1ada7a0617,1ada7a0617/DSC03543,per-view,prpp_compatible,0.5173093071150758,0.8406276240619982,0.6153846153846154,0.5872947741536876,0.6741635838767106,0.4653060376758486,0.8926132956663868,0.6,0.6,12,8,7,20,19,15,15
1ada7a0617,1ada7a0617/DSC03545,per-view,prpp_compatible,0.504844309160068,0.8490563381328416,0.5945945945945946,0.584241811836249,0.6464448951167889,0.3905637908620225,0.7694186139463826,0.7272727272727273,0.47058823529411764,11,5,10,16,21,11,17
1ada7a0617,1ada7a0617/DSC03547,per-view,prpp_compatible,0.4787599537356469,0.7500572608525135,0.6382978723404256,0.5709471729378631,0.6897639558369754,0.5438971801314396,0.6614660270467656,0.5217391304347826,0.7647058823529411,15,12,5,27,20,23,17
1ada7a0617,1ada7a0617/DSC03549,per-view,prpp_compatible,0.5067224690244608,0.7781809345732791,0.6511627906976745,0.6045175469430136,0.6777821734077337,0.5077437282649662,0.8203379751806623,0.631578947368421,0.7647058823529411,14,9,6,23,20,19,17
1ada7a0617,1ada7a0617/DSC03550,per-view,prpp_compatible,0.46255356429587413,0.7827829549622485,0.5909090909090909,0.5424880942696829,0.69326237820489,0.5726336991036771,0.8894188287941459,0.5714285714285714,0.8,13,12,6,25,19,21,15
1ada7a0617,1ada7a0617/DSC03552,per-view,prpp_compatible,0.5483887904074088,0.7711717365104187,0.7111111111111111,0.5751128285314361,0.6123115218218529,0.6435024901570547,0.8480827410872422,0.65,0.875,16,9,4,25,20,20,16
1ada7a0617,1ada7a0617/DSC03554,per-view,prpp_compatible,0.48996486699981984,0.7839437871997118,0.625,0.54239051553259,0.6481323510469436,0.6018920439517266,0.7828781130885504,0.5416666666666666,0.8,15,14,4,29,19,24,15
1ada7a0617,1ada7a0617/DSC03556,per-view,prpp_compatible,0.6406123561408448,0.8236444578953719,0.7777777777777778,0.6700704252901835,0.7024116630358744,0.6342913839501155,0.710344876982013,0.7142857142857143,0.8461538461538461,14,5,3,19,17,14,13
1ada7a0617,1ada7a0617/DSC03558,per-view,prpp_compatible,0.6751229767993421,0.8309205868299595,0.8125,0.6199698277619862,0.6397893307089096,0.58904549496863,0.8283001976364632,0.9,0.6923076923076923,13,2,4,15,17,10,13
1ada7a0617,1ada7a0617/DSC03559,per-view,prpp_compatible,0.5933670606375597,0.8052838680081168,0.7368421052631579,0.5903323211231889,0.6122624972455265,0.6536686133421733,0.8246421057398767,0.6875,0.7857142857142857,14,7,3,21,17,16,14
1ada7a0617,1ada7a0617/DSC03561,per-view,prpp_compatible,0.4652617735781787,0.852979918226661,0.5454545454545454,0.44039474189743927,0.5120590862516611,0.46239896193794305,0.6716004094364029,0.5833333333333334,0.5384615384615384,9,8,7,17,16,12,13
1ada7a0617,1ada7a0617/DSC03563,per-view,prpp_compatible,0.5412151872563358,0.8794746792915455,0.6153846153846154,0.5010582793850465,0.5257650201447983,0.4440716534987683,0.8326818118365692,0.75,0.5,8,3,7,11,15,8,12
1ada7a0617,1ada7a0617/DSC03565,per-view,prpp_compatible,0.490332464713486,0.7150681777071671,0.6857142857142857,0.45495415783071164,0.5408150284969152,0.4998201521866752,0.7910426723519405,0.6428571428571429,0.6923076923076923,12,6,5,18,17,14,13
1ada7a0617,1ada7a0617/DSC03567,per-view,prpp_compatible,0.5968323531890106,0.8034281677544374,0.7428571428571429,0.5878478802476024,0.6785136538442212,0.6224541106853169,0.666162593770815,0.7692307692307693,0.8461538461538461,13,5,4,18,17,13,13
1ada7a0617,1ada7a0617/DSC03568,per-view,prpp_compatible,0.5927231051416739,0.7978964876907149,0.7428571428571429,0.5945870271849119,0.6717639565405706,0.628338081602064,0.6249468523882126,0.7692307692307693,0.9230769230769231,13,5,4,18,17,13,13
1ada7a0617,1ada7a0617/DSC03570,per-view,prpp_compatible,0.600813573381102,0.764671820666857,0.7857142857142857,0.37333485406953043,0.4818645611842361,0.5412159761017601,0.5166854231968113,0.8,0.7272727272727273,11,3,3,14,14,10,11
1ada7a0617,1ada7a0617/DSC03572,per-view,prpp_compatible,0.44609256876380765,0.758357366898473,0.5882352941176471,0.3303035938008007,0.3455919428331589,0.4711211019378558,0.5345461413198643,0.5,0.6666666666666666,5,4,3,9,8,6,6
1ada7a0617,1ada7a0617/DSC03574,per-view,prpp_compatible,0.4944704429351926,0.7691762445658551,0.6428571428571429,0.5399676710881245,0.6084928392401551,0.5682935612984085,0.6058436537925516,0.5454545454545454,0.8888888888888888,9,7,3,16,12,11,9
1ada7a0617,1ada7a0617/DSC03576,per-view,prpp_compatible,0.4935004336325522,0.762682488341217,0.6470588235294118,0.5828017219130944,0.6330950268512096,0.5757444661252688,0.6873832301355765,0.6666666666666666,0.8333333333333334,11,9,3,20,14,15,12
1ada7a0617,1ada7a0617/DSC03577,per-view,prpp_compatible,0.43730707629940546,0.735470991958091,0.5945945945945946,0.5519081654951067,0.6153203032491804,0.5295010803852038,0.5774640937817919,0.6111111111111112,0.6923076923076923,11,11,4,22,15,18,13
1ada7a0617,1ada7a0617/DSC03579,per-view,prpp_compatible,0.5521121046893841,0.8741774990915249,0.631578947368421,0.42932607807231277,0.4432735203053341,0.5694641694424455,0.6338385172026336,0.6875,0.6470588235294118,12,6,8,18,20,16,17
1ada7a0617,1ada7a0617/DSC03581,per-view,prpp_compatible,0.6203736356168706,0.8685230898636189,0.7142857142857143,0.5721419908784252,0.5869260405162595,0.6255938407899547,0.8646242711289979,0.7647058823529411,0.7222222222222222,15,6,6,21,21,17,18
1ada7a0617,1ada7a0617/DSC03583,per-view,prpp_compatible,0.5754950202566999,0.8632425303850498,0.6666666666666666,0.48613431861379613,0.5034092552073379,0.5908323631180183,0.8522442091748316,0.7857142857142857,0.6875,13,6,7,19,20,14,16
1ada7a0617,1ada7a0617/DSC03585,per-view,prpp_compatible,0.5579733123496171,0.8369599685244256,0.6666666666666666,0.6351200732957142,0.667412306741475,0.5658132112958795,0.816184729766281,0.6470588235294118,0.7058823529411765,14,7,7,21,21,17,17
1ada7a0617,1ada7a0617/DSC03586,per-view,prpp_compatible,0.5008537161460692,0.8013659458337107,0.625,0.6428423016702419,0.7490079575842602,0.5196263603391019,0.8043854234956674,0.6,0.6842105263157895,15,10,8,25,23,20,19
1ada7a0617,1ada7a0617/DSC03588,per-view,prpp_compatible,0.583113667436917,0.8200035948331644,0.7111111111111111,0.7801699563112484,0.8041012939581567,0.5563732884967263,0.7868599899080876,0.6666666666666666,0.7222222222222222,16,7,6,23,22,18,18
1ada7a0617,1ada7a0617/DSC03590,per-view,prpp_compatible,0.5204622822303662,0.7806934233455493,0.6666666666666666,0.6496185399913657,0.6827697332964475,0.5605963174200015,0.8317048501256421,0.7368421052631579,0.7142857142857143,16,8,8,24,24,19,21
1ada7a0617,1ada7a0617/DSC03592,per-view,prpp_compatible,0.5683602864786127,0.8023909926756886,0.7083333333333334,0.7254424023580156,0.7592443224553742,0.5649165070550723,0.8182350892793431,0.7368421052631579,0.7142857142857143,17,7,7,24,24,19,21
1ada7a0617,1ada7a0617/DSC03594,per-view,prpp_compatible,0.5417312845067467,0.81259692676012,0.6666666666666666,0.7792627945112597,0.8063092311399825,0.54661608357325,0.7382248570564268,0.65,0.7894736842105263,16,9,7,25,23,20,19
1ada7a0617,1ada7a0617/DSC03595,per-view,prpp_compatible,0.4965539969361434,0.8110381949957008,0.6122448979591837,0.6726561648822278,0.7090361795580195,0.5795027290204444,0.6874614508252507,0.6818181818181818,0.7894736842105263,15,11,8,26,23,22,19
1ada7a0617,1ada7a0617/DSC03597,per-view,prpp_compatible,0.5097602530327858,0.8283604111782771,0.6153846153846154,0.5957148002195336,0.664530264540297,0.5403449894724806,0.7345459813951755,0.625,0.8,12,8,7,20,19,16,15
1ada7a0617,1ada7a0617/DSC03599,per-view,prpp_compatible,0.3988034447393398,0.7976068894786796,0.5,0.35648534277223315,0.42441865590225164,0.39782633808699625,0.5986119428624094,0.5,0.5,8,7,9,15,17,12,14
1ada7a0617,1ada7a0617/DSC03601,per-view,prpp_compatible,0.5116613755454256,0.7994708992897275,0.64,0.701127107182422,0.7398947488700727,0.510170643165917,0.6163460835552508,0.7,0.6818181818181818,16,9,9,25,25,20,22
1ada7a0617,1ada7a0617/DSC03603,per-view,prpp_compatible,0.5415156392514328,0.8291958226037565,0.6530612244897959,0.6674416101095225,0.6935077459308715,0.5537804859029927,0.7338905379669434,0.7,0.6818181818181818,16,8,9,24,25,20,22
1ada7a0617,1ada7a0617/DSC03605,per-view,prpp_compatible,0.5845192426389584,0.8037139586285678,0.7272727272727273,0.6203704024536846,0.6409888381202848,0.5693125059215323,0.7511461635146582,0.7647058823529411,0.7368421052631579,16,5,7,21,23,17,19
1ada7a0617,1ada7a0617/DSC03606,per-view,prpp_compatible,0.5797935355290506,0.8014792991136875,0.723404255319149,0.652343452106927,0.6768444925060613,0.6363411673241571,0.8193319217175643,0.6190476190476191,0.7647058823529411,17,9,4,26,21,21,17
1ada7a0617,1ada7a0617/DSC03608,per-view,prpp_compatible,0.512632475140092,0.8031242110528108,0.6382978723404256,0.7711795594826484,0.8083262265920905,0.4917738925770326,0.6995989878718762,0.631578947368421,0.7368421052631579,15,9,8,24,23,19,19
1ada7a0617,1ada7a0617/DSC03610,per-view,prpp_compatible,0.5324726273732417,0.8208953005337477,0.6486486486486487,0.5797023076218358,0.6722703579325979,0.5651541753589355,0.4656248610985891,0.6666666666666666,0.7333333333333333,12,7,6,19,18,15,15
1ada7a0617,1ada7a0617/DSC03612,per-view,prpp_compatible,0.503121540979794,0.8320856254665825,0.6046511627906976,0.5539141703000302,0.6576738258456152,0.5408046534498525,0.6786619818413769,0.7058823529411765,0.6842105263157895,13,9,8,22,21,17,19
1ada7a0617,1ada7a0617/DSC03614,per-view,prpp_compatible,0.5176655624943363,0.7764983437415044,0.6666666666666666,0.6157232010859743,0.6482335204228867,0.5493578467874797,0.731615303271986,0.76,0.7391304347826086,18,11,7,29,25,25,23
1ada7a0617,1ada7a0617/DSC03615,per-view,prpp_compatible,0.5123387340150197,0.7685081010225295,0.6666666666666666,0.5876490325159596,0.6215291997563918,0.5429512434832865,0.7421652624533351,0.7083333333333334,0.7272727272727273,17,10,7,27,24,24,22
1ada7a0617,1ada7a0617/DSC03617,per-view,prpp_compatible,0.5113607738260163,0.7329504424839567,0.6976744186046512,0.5746078780565803,0.6182118560638157,0.5096621548146495,0.6070544422071124,0.7777777777777778,0.6842105263157895,15,7,6,22,21,18,19
1ada7a0617,1ada7a0617/DSC03619,per-view,prpp_compatible,0.5611566681516473,0.8216936926506264,0.6829268292682927,0.6215170873690873,0.638727154231847,0.5347767421716777,0.7654622056607789,0.8666666666666667,0.6842105263157895,14,6,7,20,21,15,19
1ada7a0617,1ada7a0617/DSC03621,per-view,prpp_compatible,0.47231575458577096,0.8462323936328396,0.5581395348837209,0.5119493521984507,0.5293150140526364,0.5157301245947894,0.7282001033852129,0.5263157894736842,0.6470588235294118,12,11,8,23,20,19,17
1ada7a0617,1ada7a0617/DSC03623,per-view,prpp_compatible,0.49604744295659126,0.8394649034650006,0.5909090909090909,0.5650787551039085,0.5817948414529835,0.6126595340638563,0.7983696353912835,0.5238095238095238,0.75,13,12,6,25,19,21,16
1ada7a0617,1ada7a0617/DSC03624,per-view,prpp_compatible,0.565183927121911,0.8260380473320238,0.6842105263157895,0.5039514903588224,0.5191577665588262,0.5861746660266749,0.8407496693869579,0.8571428571428571,0.7058823529411765,13,5,7,18,20,14,17
1ada7a0617,1ada7a0617/DSC03626,per-view,prpp_compatible,0.5052456500696271,0.821024181363144,0.6153846153846154,0.5031388681704062,0.5928622260632002,0.6224141743421504,0.7317907587210581,0.6470588235294118,0.9285714285714286,12,10,5,22,17,17,14
1ada7a0617,1ada7a0617/DSC03628,per-view,prpp_compatible,0.4647730865339632,0.7801548238248668,0.5957446808510638,0.5128557350455044,0.5403224746816709,0.6134828088411215,0.6810712148465259,0.6363636363636364,0.9375,14,13,6,27,20,22,16
1ada7a0617,1ada7a0617/DSC03630,per-view,prpp_compatible,0.5359699688783233,0.8932832814638721,0.6,0.5874392396797619,0.6045514503181971,0.483558964959297,0.6932526870515344,0.6,0.5454545454545454,9,6,6,15,15,10,11
1ada7a0617,1ada7a0617/DSC03632,per-view,prpp_compatible,0.4864695682717991,0.8756452228892384,0.5555555555555556,0.3649172596654733,0.3881185323069907,0.5079631040925692,0.3314898532220087,0.42857142857142855,0.6,5,6,2,11,7,7,5
1ada7a0617,1ada7a0617/DSC03633,per-view,prpp_compatible,0.2645700130996361,0.5952825294741813,0.4444444444444444,0.21338934940701285,0.36134552438683337,0.4894410470134114,0.3617098423482276,0.375,1.0,4,7,3,11,7,8,4
1ada7a0617,1ada7a0617/DSC03635,per-view,prpp_compatible,0.40470830272880803,0.9105936811398181,0.4444444444444444,0.15790701173676971,0.1603917866301918,0.32400458549792355,0.603769307571235,0.5,0.3333333333333333,2,2,3,4,5,2,3
1ada7a0617,1ada7a0617/DSC03637,per-view,prpp_compatible,0.5465095776027816,0.7742219016039407,0.7058823529411765,0.680023180569903,0.7016131848396756,0.48984064486368484,0.656813565049634,0.6666666666666666,0.6923076923076923,12,5,5,17,17,12,13
1ada7a0617,1ada7a0617/DSC03639,per-view,prpp_compatible,0.33384632648344825,0.767846550911931,0.43478260869565216,0.33966425633805297,0.45347171611130116,0.41616282150666717,0.5084602705624008,0.4444444444444444,0.5714285714285714,5,8,5,13,10,9,7
1ada7a0617,1ada7a0617/DSC03641,per-view,prpp_compatible,0.35948943554140694,0.6830299275286732,0.5263157894736842,0.2845090341048396,0.2982734735944898,0.3302638173868982,0.5547168931410947,0.375,0.5,5,6,3,11,8,8,6
1ada7a0617,1ada7a0617/DSC03642,per-view,prpp_compatible,0.28179101375396415,0.6692536576656649,0.42105263157894735,0.22056516892487651,0.2951216113049946,0.18326945914422724,0.28522934732438904,0.5,0.375,4,5,6,9,10,6,8
1ada7a0617,1ada7a0617/DSC03644,per-view,prpp_compatible,0.4197013187889878,0.8184175716385262,0.5128205128205128,0.49735687734882067,0.580786718900462,0.3131655030018006,0.6435840180900245,0.5714285714285714,0.3888888888888889,10,8,11,18,21,14,18
1ada7a0617,1ada7a0617/DSC03646,per-view,prpp_compatible,0.41519289726280884,0.7784866823677666,0.5333333333333333,0.5797396765212331,0.6686488411638133,0.4594076745240266,0.8204745621607291,0.5238095238095238,0.75,12,14,7,26,19,21,16
1ada7a0617,1ada7a0617/DSC03648,per-view,prpp_compatible,0.4872360822821107,0.8058135206973369,0.6046511627906976,0.5484648582264495,0.6153461340317946,0.4688682238402598,0.7718313428669864,0.5789473684210527,0.6470588235294118,13,10,7,23,20,19,17
1ada7a0617,1ada7a0617/DSC03650,per-view,prpp_compatible,0.5530963029233991,0.8799259364690439,0.6285714285714286,0.5911339793285497,0.6057724751734718,0.4663555056425112,0.8667960928310372,0.6153846153846154,0.6,11,6,7,17,18,13,15
1ada7a0617,1ada7a0617/DSC03651,per-view,prpp_compatible,0.5958855369544063,0.8667425992064092,0.6875,0.6080514209354827,0.6204671463121646,0.5570888871952462,0.8987084887862801,0.6666666666666666,0.6666666666666666,11,6,4,17,15,12,12
1ada7a0617,1ada7a0617/DSC03653,per-view,prpp_compatible,0.5336505415119156,0.8671821299568628,0.6153846153846154,0.4614654607511082,0.5460609521468072,0.46991638014496373,0.868047059633209,0.5555555555555556,0.5555555555555556,8,6,4,14,12,9,9
1ada7a0617,1ada7a0617/DSC03655,per-view,prpp_compatible,0.38648378052802895,0.7971227973390597,0.48484848484848486,0.4085518232953012,0.5316141693494713,0.38029870723403025,0.4073171985205846,0.3333333333333333,0.45454545454545453,8,11,6,19,14,15,11
1ada7a0617,1ada7a0617/DSC03657,per-view,prpp_compatible,0.46078816040567777,0.8377966552830505,0.55,0.4360742691585508,0.45781323978906724,0.531223531178862,0.4674123239315868,0.5,0.6428571428571429,11,12,6,23,17,18,14
1ada7a0617,1ada7a0617/DSC03659,per-view,prpp_compatible,0.39683482696454,0.8184718306143637,0.48484848484848486,0.38118399626840155,0.4624736452322291,0.3663943382691457,0.4631444434694499,0.6923076923076923,0.6428571428571429,8,8,9,16,17,13,14
1ada7a0617,1ada7a0617/DSC03660,per-view,prpp_compatible,0.5331145845291599,0.861185098085566,0.6190476190476191,0.5231986293074876,0.545558040761244,0.5675852253169688,0.41257314055710487,0.5555555555555556,0.7333333333333333,13,10,6,23,19,18,15
1ada7a0617,1ada7a0617/DSC03662,per-view,prpp_compatible,0.4837563536813153,0.8186645985376105,0.5909090909090909,0.48054139020933095,0.5571117226560105,0.5399430645621803,0.41213428137274166,0.55,0.7333333333333333,13,12,6,25,19,20,15
1ada7a0617,1ada7a0617/DSC03664,per-view,prpp_compatible,0.526889547291578,0.790334320937367,0.6666666666666666,0.6096724498369721,0.6294571060999549,0.513749951724083,0.7093931529854501,0.5714285714285714,0.6923076923076923,12,7,5,19,17,14,13
1ada7a0617,1ada7a0617/DSC03666,per-view,prpp_compatible,0.5851620913018091,0.8045978755399874,0.7272727272727273,0.6074007573384049,0.6227739774916946,0.5150050604807898,0.7651241326672192,0.7272727272727273,0.6153846153846154,12,4,5,16,17,11,13
1ada7a0617,1ada7a0617/DSC03668,per-view,prpp_compatible,0.5614002897910528,0.8165822396960768,0.6875,0.541601694556075,0.589934535153508,0.4996066508527989,0.8227403155486257,0.7272727272727273,0.6153846153846154,11,4,6,15,17,11,13
1ada7a0617,1ada7a0617/DSC03669,per-view,prpp_compatible,0.4516944782927502,0.8030124058537782,0.5625,0.46909049590931834,0.5760379045550533,0.40169769790435383,0.792026478386388,0.6363636363636364,0.5833333333333334,9,7,7,16,16,11,12
1ada7a0617,1ada7a0617/DSC03671,per-view,prpp_compatible,0.6078162827364337,0.7948366774245671,0.7647058823529411,0.49103151339161605,0.5108724785776911,0.6104798227007084,0.8131034241111414,0.9166666666666666,0.7857142857142857,13,3,5,16,18,12,14
1ada7a0617,1ada7a0617/DSC03673,per-view,prpp_compatible,0.5033658593850061,0.8236895880845555,0.6111111111111112,0.4478503369577846,0.4685322450435408,0.43580749038961086,0.8112629167756953,0.7692307692307693,0.5882352941176471,11,5,9,16,20,13,17
1ada7a0617,1ada7a0617/DSC03675,per-view,prpp_compatible,0.4400955956183769,0.7701672923321596,0.5714285714285714,0.5001093369268264,0.5380000215198247,0.3848949338047739,0.5244558728043726,0.7857142857142857,0.5238095238095238,12,6,12,18,24,14,21
1ada7a0617,1ada7a0617/DSC03677,per-view,prpp_compatible,0.506643977784061,0.7768540992688935,0.6521739130434783,0.6254971790930935,0.6454989902242673,0.5230161261221451,0.6747311560944846,0.8333333333333334,0.7142857142857143,15,8,8,23,23,18,21
1ada7a0617,1ada7a0617/DSC03678,per-view,prpp_compatible,0.5752726745293941,0.8053817443411517,0.7142857142857143,0.710501324663272,0.7305765258027822,0.5236974295943982,0.7225478118678952,0.8666666666666667,0.6842105263157895,15,5,7,20,22,15,19
1ada7a0617,1ada7a0617/DSC03680,per-view,prpp_compatible,0.5444993250477297,0.7804490325684126,0.6976744186046512,0.6901652675066501,0.7121901028687082,0.5325879256965869,0.710413104823487,0.9375,0.7368421052631579,15,6,7,21,22,16,19
1ada7a0617,1ada7a0617/DSC03683,per-view,prpp_compatible,0.4996368565244278,0.8029878051285447,0.6222222222222222,0.5647590292621504,0.5938879999462602,0.5516862917058747,0.538466056712143,0.631578947368421,0.6842105263157895,14,10,7,24,21,19,19
1ada7a0617,1ada7a0617/DSC03685,per-view,prpp_compatible,0.502011674211365,0.7697512337907598,0.6521739130434783,0.5364389174633599,0.570470132457375,0.5227056140703441,0.574262439971233,0.7894736842105263,0.7142857142857143,15,8,8,23,23,19,21
1ada7a0617,1ada7a0617/DSC03687,per-view,prpp_compatible,0.4799848684103257,0.8056888862601896,0.5957446808510638,0.589869286416954,0.6140298879767624,0.5055682378021353,0.692459150534062,0.7894736842105263,0.6818181818181818,14,9,10,23,24,19,22
1ada7a0617,1ada7a0617/DSC03689,per-view,prpp_compatible,0.48565056133096984,0.8151991565198422,0.5957446808510638,0.6001297569309942,0.6338051293195909,0.4805347960430653,0.6320397244370461,0.7368421052631579,0.6363636363636364,14,9,10,23,24,19,22
1ada7a0617,1ada7a0617/DSC03690,per-view,prpp_compatible,0.46512968485918366,0.805032146871664,0.5777777777777777,0.5886431043264044,0.6255791270766525,0.4699885669788203,0.629128306152402,0.7777777777777778,0.6666666666666666,13,9,10,22,23,18,21
1ada7a0617,1ada7a0617/DSC03692,per-view,prpp_compatible,0.46601923887138363,0.7707241258257499,0.6046511627906976,0.5671017075146998,0.6051123824243176,0.45839161891886376,0.5403521612798586,0.7058823529411765,0.65,13,8,9,21,22,17,20
1ada7a0617,1ada7a0617/DSC03694,per-view,prpp_compatible,0.44557086436447896,0.7797490126378381,0.5714285714285714,0.46359404532109333,0.6319220959602578,0.5284637499615205,0.41113577031135695,0.6842105263157895,0.8125,12,11,7,23,19,19,16
1ada7a0617,1ada7a0617/DSC03696,per-view,prpp_compatible,0.4290577703758896,0.804483319454793,0.5333333333333333,0.5534285974815217,0.6575649655376398,0.4393959902894465,0.4561266607182087,0.5555555555555556,0.6,12,10,11,22,23,18,20
1ada7a0617,1ada7a0617/DSC03698,per-view,prpp_compatible,0.5522139455767403,0.7958377450958904,0.6938775510204082,0.6026588668754698,0.6179890861903261,0.5504575569948561,0.7152566934374187,0.7894736842105263,0.6956521739130435,17,6,9,23,26,19,23
1ada7a0617,1ada7a0617/DSC03699,per-view,prpp_compatible,0.5725006889660172,0.8082362667755537,0.7083333333333334,0.708651788571777,0.7256106257036956,0.5353598922911249,0.7021419097796503,0.8235294117647058,0.7272727272727273,17,5,9,22,26,17,22
1ada7a0617,1ada7a0617/DSC03701,per-view,prpp_compatible,0.5172353992125548,0.7758530988188322,0.6666666666666666,0.6205327689939795,0.6383841127984394,0.5386251346783582,0.7301756594417618,0.7222222222222222,0.7222222222222222,15,8,7,23,22,18,18
1ada7a0617,1ada7a0617/DSC03703,per-view,prpp_compatible,0.5756697932207983,0.8251267036164776,0.6976744186046512,0.6142940549504883,0.6453401193506311,0.5715023150454219,0.7981222841839541,0.6666666666666666,0.7058823529411765,15,7,6,22,21,18,17
1ada7a0617,1ada7a0617/DSC03705,per-view,prpp_compatible,0.5867202414672009,0.8267421584310558,0.7096774193548387,0.5220990846043316,0.5498861479544493,0.5059932939623186,0.6794057132159338,0.8,0.6153846153846154,11,3,6,14,17,10,13
1ada7a0617,1ada7a0617/DSC03707,per-view,prpp_compatible,0.6019835049020303,0.8103624104450409,0.7428571428571429,0.5552208566402882,0.5995416714653521,0.6165125644823036,0.6822063117412495,0.7142857142857143,0.8461538461538461,13,5,4,18,17,14,13
1ada7a0617,1ada7a0617/DSC03708,per-view,prpp_compatible,0.5576106424193299,0.7857240870454194,0.7096774193548387,0.5458624773050617,0.596750670687846,0.5293306619920545,0.6244775926388447,0.8181818181818182,0.8333333333333334,11,4,5,15,16,11,12
1ada7a0617,1ada7a0617/DSC03710,per-view,prpp_compatible,0.4804723692058212,0.7607479179092169,0.631578947368421,0.24876756638329836,0.3432889561756094,0.5696452903677889,0.5468328770849981,0.6666666666666666,0.6666666666666666,6,4,3,10,9,6,6
1ada7a0617,1ada7a0617/DSC03712,per-view,prpp_compatible,0.15038341896334823,0.6015336758533929,0.25,0.050127806321116075,0.05780027619777548,0.0,0.0,0.0,0.0,1,3,3,4,4,1,1
1ada7a0617,1ada7a0617/DSC03714,per-view,prpp_compatible,0.2820977512001574,0.6347199402003542,0.4444444444444444,0.10578665670005903,0.1538388524460056,0.0,0.0,0.0,0.0,2,3,2,5,4,1,1
1ada7a0617,1ada7a0617/DSC03716,per-view,prpp_compatible,0.6691551293176226,0.8922068390901634,0.75,0.22305170977254085,0.24553977072775732,0.9769067484720844,0.9769067484720843,1.0,1.0,3,1,1,4,4,1,1
1ada7a0617,1ada7a0617/DSC03717,per-view,prpp_compatible,0.43488144489424463,0.8697628897884893,0.5,0.16824392749350234,0.22953244815910656,0.2794013503450495,0.2794013503450495,1.0,1.0,2,2,2,4,4,1,1
1ada7a0617,1ada7a0617/DSC03719,per-view,prpp_compatible,0.20825344613090913,0.5726969768600001,0.36363636363636365,0.09544949614333335,0.1234558881961259,0.0,0.0,0.0,0.0,2,3,4,5,6,2,3
1ada7a0617,1ada7a0617/DSC03721,per-view,prpp_compatible,0.5955451809399235,0.7196170936357409,0.8275862068965517,0.49088692189129884,0.5097477735984877,0.633123967379628,0.2346515318516726,0.8,0.9,12,3,2,15,14,10,10
1ada7a0617,1ada7a0617/DSC03723,per-view,prpp_compatible,0.5646365265209978,0.8469547897814967,0.6666666666666666,0.5063107578973617,0.5260968160999381,0.5835949679349015,0.2809690085255529,0.5833333333333334,0.8,10,6,4,16,14,12,10
1ada7a0617,1ada7a0617/DSC03725,per-view,prpp_compatible,0.36571094348545036,0.8620329382157044,0.42424242424242425,0.3647680026438605,0.4610807042319866,0.36623696367549236,0.32198484478305855,0.4166666666666667,0.5,7,10,9,17,16,12,12
1ada7a0617,1ada7a0617/DSC03726,per-view,prpp_compatible,0.41816143474628703,0.8363228694925741,0.5,0.41633989695756773,0.5314247670523503,0.37339083079512175,0.3365381993517364,0.5,0.5,8,8,8,16,16,12,12
1ada7a0617,1ada7a0617/DSC03728,per-view,prpp_compatible,0.4300186663447679,0.7405877031493224,0.5806451612903226,0.42255856472257153,0.504917639440294,0.4067606853689736,0.606568584640403,0.5833333333333334,0.5833333333333334,9,6,7,15,16,12,12
1ada7a0617,1ada7a0617/DSC03730,per-view,prpp_compatible,0.3393239537755743,0.7352018998470776,0.46153846153846156,0.3698687915661243,0.43751168752478936,0.2607911315146404,0.6520832530446345,0.5,0.4,6,6,8,12,14,8,10
1ada7a0617,1ada7a0617/DSC03732,per-view,prpp_compatible,0.24267874610696052,0.7887059248476217,0.3076923076923077,0.2753357932450644,0.33142387043341953,0.20086077114653061,0.4334117103668468,0.25,0.42857142857142855,4,12,6,16,10,12,7
1ada7a0617,1ada7a0617/DSC03734,per-view,prpp_compatible,0.40441872934575984,0.8425390194703329,0.48,0.41981740077689284,0.4351936428586207,0.40465414872002087,0.8836889748983711,0.36363636363636365,0.5,6,8,5,14,11,11,8
1ada7a0617,1ada7a0617/DSC03735,per-view,prpp_compatible,0.49030427813981,0.8405216196682457,0.5833333333333334,0.4210902686149909,0.4346590019642382,0.5004475402737596,0.8766850191402408,0.5,0.625,7,6,4,13,11,10,8
1ada7a0617,1ada7a0617/DSC03737,per-view,prpp_compatible,0.39358350956674226,0.7871670191334845,0.5,0.45149416050728436,0.46355741215154117,0.4187170669196367,0.7857724929526962,0.3076923076923077,0.625,7,10,4,17,11,13,8
1ada7a0617,1ada7a0617/DSC03739,per-view,prpp_compatible,0.32987530353558026,0.7834538458970031,0.42105263157894735,0.243855922747549,0.29908099650338044,0.2986268785895353,0.43321144451238874,0.2857142857142857,0.4,4,7,4,11,8,7,5
1ada7a0617,1ada7a0617/DSC03741,per-view,prpp_compatible,0.4504854581462877,0.8071197791787655,0.5581395348837209,0.5914731454693377,0.6181181289911989,0.44636553320890826,0.7403018822865043,0.6470588235294118,0.5789473684210527,12,10,9,22,21,17,19
1ada7a0617,1ada7a0617/DSC03743,per-view,prpp_compatible,0.4722720915773672,0.8855101717075635,0.5333333333333333,0.5117917181750268,0.5914101919887973,0.5089713831150948,0.64016276668017,0.6363636363636364,0.6153846153846154,8,7,7,15,15,11,13
1ada7a0617,1ada7a0617/DSC03744,per-view,prpp_compatible,0.5359521309044917,0.8039281963567375,0.6666666666666666,0.5070221502517674,0.5794368393661502,0.594368558920836,0.740877998964763,0.9,0.8181818181818182,9,5,4,14,13,10,11
1ada7a0617,1ada7a0617/DSC03746,per-view,prpp_compatible,0.47511011059118213,0.772053929710671,0.6153846153846154,0.4912891664292725,0.5676883873176656,0.5539556101051711,0.6408257664141568,0.7,0.8,8,6,4,14,12,10,10
1ada7a0617,1ada7a0617/DSC03748,per-view,prpp_compatible,0.47656706472613103,0.7942784412102184,0.6,0.44501267873280986,0.4581869217726379,0.38422014244025127,0.4257168645748821,0.6666666666666666,0.5714285714285714,6,4,4,10,10,6,7
1ada7a0617,1ada7a0617/DSC03750,per-view,prpp_compatible,0.6053137700374099,0.8407135694964026,0.72,0.6609127880600408,0.6846165464756311,0.5440796908416059,0.6272122972505519,0.75,0.7,9,3,4,12,13,8,10
1ada7a0617,1ada7a0617/DSC03752,per-view,prpp_compatible,0.6250008507119068,0.8437511484610741,0.7407407407407407,0.6264274653585606,0.681206860531799,0.7480768483851794,0.8687834202298619,0.5833333333333334,0.875,10,6,1,16,11,12,8
1ada7a0617,1ada7a0617/DSC03753,per-view,prpp_compatible,0.6632891750234747,0.8475361680855511,0.782608695652174,0.5797654731038057,0.6296548861300492,0.7135417837580187,0.8644941076244739,0.7777777777777778,0.8571428571428571,9,4,1,13,10,9,7
1ada7a0617,1ada7a0617/DSC03755,per-view,prpp_compatible,0.5209579623816422,0.8682632706360702,0.6,0.38540195606402167,0.46690942726443635,0.5117973539535595,0.7286115391145936,0.7142857142857143,0.5714285714285714,6,5,3,11,9,7,7
1ada7a0617,1ada7a0617/DSC03757,per-view,prpp_compatible,0.425231439899718,0.8079397358094642,0.5263157894736842,0.3095904748393217,0.3837280227658226,0.5320724793045061,0.756230029571952,0.625,0.8,5,7,2,12,7,8,5
1ada7a0617,1ada7a0617/DSC03759,per-view,prpp_compatible,0.2374032637946179,0.8309114232811626,0.2857142857142857,0.18806017719177656,0.26649293296583093,0.4323678054687706,0.7015187686216852,0.6,0.5,2,6,4,8,6,5,4
1ada7a0617,1ada7a0617/DSC03761,per-view,prpp_compatible,0.17284745876813598,0.9506610232247479,0.18181818181818182,0.08031449774690361,0.16018788456767277,0.24734272423052825,0.47944056902117377,0.5,0.25,1,4,5,5,6,2,4
1ada7a0617,1ada7a0617/DSC03762,per-view,prpp_compatible,0.0,0.0,0.0,0.0043580106684146195,0.08333581191133772,8.248174522960346e-05,1.529707071114e-05,0.0,0.0,0,7,5,7,5,5,3
1ada7a0617,1ada7a0617/DSC03764,per-view,prpp_compatible,0.0,0.0,0.0,0.007833272356252238,0.0757819523967255,0.0,0.0,0.0,0.0,0,5,3,5,3,3,1
1ada7a0617,1ada7a0617/DSC03766,per-view,prpp_compatible,0.4612824306721072,0.830308375209793,0.5555555555555556,0.34901954923464723,0.44991356619904416,0.6599366024767493,0.9514327745322021,0.2857142857142857,0.6666666666666666,5,6,2,11,7,7,3
1ada7a0617,1ada7a0617/DSC03768,per-view,prpp_compatible,0.19982363723759577,0.8492504582597821,0.23529411764705882,0.14134569470844302,0.2459481306622596,0.3679926480241565,0.004193849503757805,0.14285714285714285,0.5,2,9,4,11,6,7,2
1ada7a0617,1ada7a0617/DSC03770,per-view,prpp_compatible,0.47476054262874356,0.8506126388764988,0.5581395348837209,0.5961935588374877,0.6805943235556634,0.5021015335922254,0.8787484259485449,0.55,0.6875,12,12,7,24,19,20,16
1ada7a0617,1ada7a0617/DSC03771,per-view,prpp_compatible,0.4967130101058152,0.8278550168430253,0.6,0.5991445427101715,0.6834295574620431,0.46850158237942136,0.865731356427647,0.6470588235294118,0.625,12,9,7,21,19,17,16
1ada7a0617,1ada7a0617/DSC03773,per-view,prpp_compatible,0.49387522406330847,0.7977984388714983,0.6190476190476191,0.642872973972591,0.7365690043141262,0.5179861906950078,0.8649447196278685,0.6842105263157895,0.8125,13,10,6,23,19,19,16
1ada7a0617,1ada7a0617/DSC03775,per-view,prpp_compatible,0.5497294334760817,0.8668810297122828,0.6341463414634146,0.6624221644671962,0.7495246640890761,0.4639773804610423,0.8686788745024914,0.6666666666666666,0.5882352941176471,13,7,8,20,21,15,17
1ada7a0617,1ada7a0617/DSC03777,per-view,prpp_compatible,0.5710073700157313,0.8345492330999151,0.6842105263157895,0.6436364317825664,0.7403767389237972,0.4646923383108471,0.8517878247640738,0.8333333333333334,0.6470588235294118,13,4,8,17,21,12,17
1ada7a0617,1ada7a0617/DSC03779,per-view,prpp_compatible,0.5024376027356094,0.7955262043313817,0.631578947368421,0.5061245598056705,0.6115780643274334,0.4605076914607913,0.5129137570978207,0.8461538461538461,0.7647058823529411,12,6,8,18,20,13,17
1ada7a0617,1ada7a0617/DSC03781,per-view,prpp_compatible,0.39983555366960194,0.7330318483942703,0.5454545454545454,0.4002075500023781,0.4884052011665056,0.4525328055060883,0.3938970289342474,0.5238095238095238,0.75,12,13,7,25,19,21,16
1ada7a0617,1ada7a0617/DSC03782,per-view,prpp_compatible,0.39916809860005403,0.7650721889834369,0.5217391304347826,0.45299166194834634,0.5353018490467537,0.48724392826106167,0.8374781164311377,0.4583333333333333,0.75,12,15,7,27,19,24,16
1ada7a0617,1ada7a0617/DSC03784,per-view,prpp_compatible,0.479728971255427,0.7749467997203052,0.6190476190476191,0.5635185298133037,0.5911380476926676,0.6212470164565989,0.7978968403357646,0.5454545454545454,0.9285714285714286,13,12,4,25,17,22,14
1ada7a0617,1ada7a0617/DSC03786,per-view,prpp_compatible,0.40903245733495247,0.780880145821273,0.5238095238095238,0.42752105251820677,0.4578453869720105,0.4745163112221134,0.5663344831431729,0.5263157894736842,0.7333333333333333,11,13,7,24,18,19,15
1ada7a0617,1ada7a0617/DSC03788,per-view,prpp_compatible,0.32206242149685027,0.8051560537421256,0.4,0.32681251201825895,0.4288459616863485,0.3114010327523528,0.7336192599253708,0.45454545454545453,0.38461538461538464,6,8,10,14,16,11,13
1ada7a0617,1ada7a0617/DSC03790,per-view,prpp_compatible,0.5644793284401965,0.8063990406288523,0.7,0.5757045094469625,0.6068106221611672,0.5803446878468903,0.8128423412099969,0.6875,0.6875,14,7,5,21,19,16,16
1ada7a0617,1ada7a0617/DSC03791,per-view,prpp_compatible,0.5274481191120214,0.8100096114934614,0.6511627906976745,0.6132886033582786,0.6641304331516732,0.5474412276406782,0.7725027473751632,0.6111111111111112,0.7058823529411765,14,8,7,22,21,18,17
1ada7a0617,1ada7a0617/DSC03793,per-view,prpp_compatible,0.38084830721322577,0.7616966144264515,0.5,0.3717724224572237,0.5079597659372341,0.42179018964461346,0.5846621630823455,0.5384615384615384,0.6,9,8,10,17,19,13,15
1ada7a0617,1ada7a0617/DSC03795,per-view,prpp_compatible,0.25945338230424153,0.7783601469127246,0.3333333333333333,0.3110310589371687,0.39436231694689033,0.2917178766846431,0.3615115252935904,0.6,0.5384615384615384,5,9,11,14,16,10,13
1ada7a0617,1ada7a0617/DSC03797,per-view,prpp_compatible,0.1876892736499081,0.7038347761871553,0.26666666666666666,0.1504410062806174,0.22626904693459352,0.2119149002281274,0.3093992426527312,0.25,0.4,2,5,6,7,8,4,5
1ada7a0617,1ada7a0617/DSC03799,per-view,prpp_compatible,0.4057103972738658,0.8114207945477316,0.5,0.341086048262442,0.3425113529922124,0.4595117641971821,0.5385888146987753,0.7142857142857143,0.625,5,5,5,10,10,7,8
1ada7a0617,1ada7a0617/DSC03800,per-view,prpp_compatible,0.3991107051792413,0.7183992693226343,0.5555555555555556,0.29813747636488097,0.3427548459669631,0.38282265320197506,0.17573897061380223,0.8,0.5714285714285714,5,4,4,9,9,5,7
1ada7a0617,1ada7a0617/DSC03802,per-view,prpp_compatible,0.491447642878687,0.8190794047978116,0.6,0.5048870738684677,0.5987895451350957,0.5104099424214412,0.32233748934551726,0.5833333333333334,0.7272727272727273,9,7,5,16,14,12,11
1ada7a0617,1ada7a0617/DSC03804,per-view,prpp_compatible,0.44558802759686833,0.7426467126614472,0.6,0.5225492869923137,0.6838836882336302,0.4854364197074145,0.353920235622061,0.6470588235294118,0.6666666666666666,12,10,6,22,18,17,15
1ada7a0617,1ada7a0617/DSC03808,per-view,prpp_compatible,0.38933944616856264,0.9733486154214066,0.4,0.16117076239655692,0.1624361517502365,0.6534987946292714,0.9470343174357625,0.5,0.6666666666666666,2,4,2,6,4,4,3
1ada7a0617,1ada7a0617/DSC03810,per-view,prpp_compatible,0.473896318551353,0.8161547708384413,0.5806451612903226,0.48548575111034387,0.5897529679494294,0.35099424330662216,0.8568716160564889,0.5,0.4166666666666667,9,6,7,15,16,10,12
1ada7a0617,1ada7a0617/DSC03811,per-view,prpp_compatible,0.43286014846032433,0.8224342820746162,0.5263157894736842,0.4602779632689078,0.5387246923319212,0.4816833012758548,0.8091559346782238,0.5555555555555556,0.6428571428571429,10,11,7,21,17,18,14
1ada7a0617,1ada7a0617/DSC03813,per-view,prpp_compatible,0.6046458997391925,0.8397859718599895,0.72,0.5728445999456819,0.6183225980199348,0.6150151689626582,0.8461817099796504,0.7777777777777778,0.75,9,5,2,14,11,9,8
1ada7a0617,1ada7a0617/DSC03815,per-view,prpp_compatible,0.2819688291609061,0.7519168777624162,0.375,0.26561813948542556,0.3277112852229745,0.24541365999126263,0.41002661707536175,0.75,0.6666666666666666,3,5,5,8,8,4,6
1ada7a0617,1ada7a0617/DSC03817,per-view,prpp_compatible,0.5464309908194501,0.7415849161121109,0.7368421052631579,0.7279682313546462,0.7587058634397669,0.587624256602935,0.8479484556276294,0.75,0.8,14,6,4,20,18,16,15
1ada7a0617,1ada7a0617/DSC03819,per-view,prpp_compatible,0.403900767503799,0.8330453329765855,0.48484848484848486,0.4487659120985594,0.4617143752041352,0.4020258468407289,0.575207213060869,0.42857142857142855,0.5384615384615384,8,10,7,18,15,14,13
1ada7a0617,1ada7a0617/DSC03820,per-view,prpp_compatible,0.15894644965857163,0.874205473122144,0.18181818181818182,0.077545464856394,0.15750735816390715,0.01408502628864601,0.002680071286024611,0.0,0.0,1,4,5,5,6,3,4
1ada7a0617,1ada7a0617/DSC03823,per-view,prpp_compatible,0.591637926439089,0.8191909750695078,0.7222222222222222,0.39890100216882596,0.4204285573330271,0.5470851453255017,0.4571241814000555,0.9285714285714286,0.6666666666666666,13,3,7,16,20,14,18
1ada7a0617,1ada7a0617/DSC03825,per-view,prpp_compatible,0.40924457136415654,0.7957533332080822,0.5142857142857142,0.4939257909046349,0.5099964046349797,0.37737229728746985,0.7965729501260983,0.7142857142857143,0.5294117647058824,9,7,10,16,19,14,17
